material;descripcion;categoria;genero;medida
4157701;ANTEOJO SEGURIDAD PYRAMEX SB7080SDT;ANTEOJOS;unisex;UN
4071507;ARNES SEGURIDAD PARACAIDISTA 278338;ARNES;unisex;UN
4175212;BANDANA MULTIFUNCIONAL ALTA CORDILLERA;BANDANA;unisex;UN
4003536;BARBIQUEJO ELASTICO GANCHO 278063;BARBIQUEJOS;unisex;UN
4039123;BARBIQUEJO P/CASCO;BARBIQUEJOS;unisex;UN
4090102;BLOQUEADOR SOLAR FILTRO UVB UVA;BLOQUEADORES;unisex;TU
4158659;BLUSA MATERNAL T-38 GRIS/BEIGE;BLUSAS;dama;UN
4158662;BLUSA MATERNAL T-44 GRIS/BEIGE;BLUSAS;dama;UN
4158663;BLUSA MATERNAL T-46 GRIS/BEIGE;BLUSAS;dama;UN
4158664;BLUSA MATERNAL T-48 GRIS/BEIGE;BLUSAS;dama;UN
4158665;BLUSA MATERNAL T-50 GRIS/BEIGE;BLUSAS;dama;UN
4158666;BLUSA MATERNAL T-52 GRIS/BEIGE;BLUSAS;dama;UN
4160067;BLUSA VERANO PROT. UV T-M;BLUSAS;dama;UN
4160066;BLUSA VERANO PROT. UV T-S;BLUSAS;dama;UN
4160065;BLUSA VERANO PROT. UV T-XS;BLUSAS;dama;UN
4125528;BLUSA VERANO PROTEC UV DAMA T-L;BLUSAS;dama;UN
4125527;BLUSA VERANO PROTEC UV DAMA T-M;BLUSAS;dama;UN
4125525;BLUSA VERANO PROTEC UV DAMA T-S;BLUSAS;dama;UN
4125529;BLUSA VERANO PROTEC UV DAMA T-XL;BLUSAS;dama;UN
4125526;BLUSA VERANO PROTEC UV DAMA T-XS;BLUSAS;dama;UN
4175129;BOTA ALTA CORDILLERA T-37;BOTAS;varon;UN
4175129;BOTA ALTA CORDILLERA T-37;BOTAS;varon;UN
4175130;BOTA ALTA CORDILLERA T-38;BOTAS;varon;UN
4175130;BOTA ALTA CORDILLERA T-38;BOTAS;varon;UN
4175161;BOTA ALTA CORDILLERA T-39;BOTAS;varon;UN
4175161;BOTA ALTA CORDILLERA T-39;BOTAS;varon;UN
4175164;BOTA ALTA CORDILLERA T-42;BOTAS;varon;UN
4175164;BOTA ALTA CORDILLERA T-42;BOTAS;varon;UN
4175166;BOTA ALTA CORDILLERA T-44;BOTAS;varon;UN
4175166;BOTA ALTA CORDILLERA T-44;BOTAS;varon;UN
4175167;BOTA ALTA CORDILLERA T-45;BOTAS;varon;UN
4175167;BOTA ALTA CORDILLERA T-45;BOTAS;varon;UN
4175168;BOTA ALTA CORDILLERA T-46;BOTAS;varon;UN
4175168;BOTA ALTA CORDILLERA T-46;BOTAS;varon;UN
4116040;BOTA SEG CUERO ALTA MONTAÑA T-36;BOTAS;varon;PAA
4116101;BOTA SEG CUERO ALTA MONTAÑA T-37;BOTAS;varon;PAA
4003663;BOTA SEG CUERO ALTA MONTAÑA T-38;BOTAS;varon;PAA
4003664;BOTA SEG CUERO ALTA MONTAÑA T-39;BOTAS;varon;PAA
4003666;BOTA SEG CUERO ALTA MONTAÑA T-41;BOTAS;varon;PAA
4003670;BOTA SEG CUERO ALTA MONTAÑA T-45;BOTAS;varon;PAA
4169006;BOTA SEG TERMICA FRIO EXTREMO T-38;BOTAS;varon;PAA
4169006;BOTA SEG TERMICA FRIO EXTREMO T-38;BOTAS;varon;PAA
4003636;BOTA SEG TERMICA FRIO EXTREMO T-39;BOTAS;varon;PAA
4003636;BOTA SEG TERMICA FRIO EXTREMO T-39;BOTAS;varon;PAA
4003637;BOTA SEG TERMICA FRIO EXTREMO T-40;BOTAS;varon;PAA
4003637;BOTA SEG TERMICA FRIO EXTREMO T-40;BOTAS;varon;PAA
4003638;BOTA SEG TERMICA FRIO EXTREMO T-41;BOTAS;varon;PAA
4003638;BOTA SEG TERMICA FRIO EXTREMO T-41;BOTAS;varon;PAA
4003639;BOTA SEG TERMICA FRIO EXTREMO T-42;BOTAS;varon;PAA
4003639;BOTA SEG TERMICA FRIO EXTREMO T-42;BOTAS;varon;PAA
4003640;BOTA SEG TERMICA FRIO EXTREMO T-43;BOTAS;varon;PAA
4003640;BOTA SEG TERMICA FRIO EXTREMO T-43;BOTAS;varon;PAA
4003641;BOTA SEG TERMICA FRIO EXTREMO T-44;BOTAS;varon;PAA
4003641;BOTA SEG TERMICA FRIO EXTREMO T-44;BOTAS;varon;PAA
4162901;BOTA SEG TERMICA FRIO EXTREMO T-45;BOTAS;varon;PAA
4162901;BOTA SEG TERMICA FRIO EXTREMO T-45;BOTAS;varon;PAA
4162902;BOTA SEG TERMICA FRIO EXTREMO T-46;BOTAS;varon;PAA
4162902;BOTA SEG TERMICA FRIO EXTREMO T-46;BOTAS;varon;PAA
4162996;BOTA SEG TERMICA FRIO EXTREMO T-47;BOTAS;varon;UN
4162996;BOTA SEG TERMICA FRIO EXTREMO T-47;BOTAS;varon;UN
4054062;BOTA SEGURIDAD 41 ANTIACIDA;BOTAS;varon;PAA
4122127;BOTIN SEG CUERO GRAL DAMA T-35;BOTINES;dama;PAA
4058520;BOTIN SEG CUERO GRAL DAMA T-36;BOTINES;dama;PAA
4058521;BOTIN SEG CUERO GRAL DAMA T-37;BOTINES;dama;PAA
4038951;BOTIN SEG CUERO GRAL DAMA T-38;BOTINES;dama;PAA
4058523;BOTIN SEG CUERO GRAL DAMA T-39;BOTINES;dama;PAA
4058921;BOTIN SEG CUERO GRAL DAMA T-40;BOTINES;dama;PAA
4126414;BOTIN SEG CUERO GRAL DAMA T-41;BOTINES;dama;UN
4038971;BOTIN SEG CUERO GRAL VARON T-46;BOTINES;varon;PAA
4156385;BOTIN SEG IMPL UNISEX CUERO T-36;BOTINES;unisex;PAA
4156385;BOTIN SEG IMPL UNISEX CUERO T-36;BOTINES;unisex;PAA
4155462;BOTIN SEG IMPL UNISEX CUERO T-38;BOTINES;unisex;PAA
4155462;BOTIN SEG IMPL UNISEX CUERO T-38;BOTINES;unisex;PAA
4155463;BOTIN SEG IMPL UNISEX CUERO T-39;BOTINES;unisex;PAA
4155463;BOTIN SEG IMPL UNISEX CUERO T-39;BOTINES;unisex;PAA
4155465;BOTIN SEG IMPL UNISEX CUERO T-41;BOTINES;unisex;PAA
4155466;BOTIN SEG IMPL UNISEX CUERO T-42;BOTINES;unisex;PAA
4155466;BOTIN SEG IMPL UNISEX CUERO T-42;BOTINES;unisex;PAA
4155466;BOTIN SEG IMPL UNISEX CUERO T-42;BOTINES;unisex;PAA
4155467;BOTIN SEG IMPL UNISEX CUERO T-43;BOTINES;unisex;PAA
4155467;BOTIN SEG IMPL UNISEX CUERO T-43;BOTINES;unisex;PAA
4155467;BOTIN SEG IMPL UNISEX CUERO T-43;BOTINES;unisex;PAA
4155469;BOTIN SEG IMPL UNISEX CUERO T-45;BOTINES;unisex;PAA
4118646;BOTIN SEG PRESCRIPCION MEDICA T-41;BOTINES;unisex;PAA
4118646;BOTIN SEG PRESCRIPCION MEDICA T-41;BOTINES;unisex;PAA
4045945;BOTIN SEG USO GRAL ADMINISTRATIVO T-37;BOTINES;varon;PAA
4045945;BOTIN SEG USO GRAL ADMINISTRATIVO T-37;BOTINES;varon;PAA
4091946;BOTIN SEG USO GRAL ADMINISTRATIVO T-38;BOTINES;varon;PAA
4091946;BOTIN SEG USO GRAL ADMINISTRATIVO T-38;BOTINES;varon;PAA
4020433;BOTIN SEG USO GRAL ADMINISTRATIVO T-39;BOTINES;varon;PAA
4020433;BOTIN SEG USO GRAL ADMINISTRATIVO T-39;BOTINES;varon;PAA
4087208;BOTIN SEG USO GRAL ADMINISTRATIVO T-41;BOTINES;varon;PAA
4087208;BOTIN SEG USO GRAL ADMINISTRATIVO T-41;BOTINES;varon;PAA
4087208;BOTIN SEG USO GRAL ADMINISTRATIVO T-41;BOTINES;varon;PAA
4087208;BOTIN SEG USO GRAL ADMINISTRATIVO T-41;BOTINES;varon;PAA
4087209;BOTIN SEG USO GRAL ADMINISTRATIVO T-42;BOTINES;varon;PAA
4087209;BOTIN SEG USO GRAL ADMINISTRATIVO T-42;BOTINES;varon;PAA
4087210;BOTIN SEG USO GRAL ADMINISTRATIVO T-43;BOTINES;varon;PAA
4087210;BOTIN SEG USO GRAL ADMINISTRATIVO T-43;BOTINES;varon;PAA
4095824;BOTIN SEG USO GRAL ADMINISTRATIVO T-44;BOTINES;varon;PAA
4095824;BOTIN SEG USO GRAL ADMINISTRATIVO T-44;BOTINES;varon;PAA
4095825;BOTIN SEG USO GRAL ADMINISTRATIVO T-45;BOTINES;varon;PAA
4095825;BOTIN SEG USO GRAL ADMINISTRATIVO T-45;BOTINES;varon;PAA
4096322;BOTIN SEG USO GRAL ADMINISTRATIVO T-46;BOTINES;varon;PAA
4096322;BOTIN SEG USO GRAL ADMINISTRATIVO T-46;BOTINES;varon;PAA
4060843;BOTIN SEGURIDAD AISLANTE 18KV T-37;BOTINES;unisex;PAA
4060796;BOTIN SEGURIDAD AISLANTE 18KV T-38;BOTINES;unisex;PAA
4060797;BOTIN SEGURIDAD AISLANTE 18KV T-39;BOTINES;unisex;PAA
4060798;BOTIN SEGURIDAD AISLANTE 18KV T-40;BOTINES;unisex;PAA
4060799;BOTIN SEGURIDAD AISLANTE 18KV T-41;BOTINES;unisex;PAA
4060850;BOTIN SEGURIDAD AISLANTE 18KV T-42;BOTINES;unisex;PAA
4060851;BOTIN SEGURIDAD AISLANTE 18KV T-43;BOTINES;unisex;PAA
4060852;BOTIN SEGURIDAD AISLANTE 18KV T-44;BOTINES;unisex;PAA
4060853;BOTIN SEGURIDAD AISLANTE 18KV T-45;BOTINES;unisex;PAA
4090634;BUZO 48 AZUL;BUZOS;unisex;UN
4060991;BUZO ANTIGRASA T-48 (M);BUZOS;varon;UN
4060991;BUZO ANTIGRASA T-48 (M);BUZOS;varon;UN
4060990;BUZO ANTIGRASA VARON ALGODON T-46 (S);BUZOS;varon;UN
4060990;BUZO ANTIGRASA VARON ALGODON T-46 (S);BUZOS;varon;UN
4060992;BUZO ANTIGRASA VARON ALGODON T-50 (L);BUZOS;varon;UN
4060992;BUZO ANTIGRASA VARON ALGODON T-50 (L);BUZOS;varon;UN
4060993;BUZO ANTIGRASA VARON ALGODON T-52 (L);BUZOS;varon;UN
4060993;BUZO ANTIGRASA VARON ALGODON T-52 (L);BUZOS;varon;UN
4060994;BUZO ANTIGRASA VARON ALGODON T-54 (XL);BUZOS;varon;UN
4060994;BUZO ANTIGRASA VARON ALGODON T-54 (XL);BUZOS;varon;UN
4060996;BUZO ANTIGRASA VARON ALGODON T-58 (XXL);BUZOS;varon;UN
4060996;BUZO ANTIGRASA VARON ALGODON T-58 (XXL);BUZOS;varon;UN
4060998;BUZO ANTIGRASA VARON ALGODON T-62 (XXXL);BUZOS;varon;UN
4060998;BUZO ANTIGRASA VARON ALGODON T-62 (XXXL);BUZOS;varon;UN
4060999;BUZO ANTIGRASA VARON ALGODON T-64 (XXXL);BUZOS;varon;UN
4060999;BUZO ANTIGRASA VARON ALGODON T-64 (XXXL);BUZOS;varon;UN
4172996;BUZO DESECH POLVO/ALTA VISIBILIDAD T-M;BUZOS;unisex;UN
4172998;BUZO DESECH POLVO/ALTA VISIBILIDAD T-XL;BUZOS;unisex;UN
4121317;BUZO PILOTO ALTA VISIBILIDAD T 60;BUZOS;unisex;UN
4063802;BUZO PILOTO USO GENERAL T-44;BUZOS;varon;UN
4063802;BUZO PILOTO USO GENERAL T-44;BUZOS;varon;UN
4120165;BUZO PROT ARCO ELECTRIC VARON T-XL;BUZOS;varon;UN
4064448;BUZO PROT POLVO DESECH BLANCO VARON T-54;BUZOS;varon;UN
4154654;BUZO PROTEC ARCO ELECTRICO VARON T-2XL;BUZOS;varon;UN
4154652;BUZO PROTEC ARCO ELECTRICO VARON T-L;BUZOS;varon;UN
4154651;BUZO PROTEC ARCO ELECTRICO VARON T-M;BUZOS;varon;UN
4154650;BUZO PROTEC ARCO ELECTRICO VARON T-S;BUZOS;varon;UN
4125704;BUZO RET A LA LLAMA VARON T-S;BUZOS;varon;UN
4145369;BUZO RET AGENTE QCO BAJA CONCENT T-2XL;BUZOS;unisex;UN
4120897;BUZO RET AGENTE QCO BAJA CONCENT T-M;BUZOS;unisex;UN
4094358;BUZO RET AGENTE QCO BAJA CONCENT T-XL;BUZOS;unisex;UN
4094358;BUZO RET AGENTE QCO BAJA CONCENT T-XL;BUZOS;unisex;UN
4094358;BUZO RET AGENTE QCO BAJA CONCENT T-XL;BUZOS;varon;UN
4145372;BUZO TERM RET AGENTE QUIMICO VARON T-44;BUZOS;varon;UN
4145373;BUZO TERM RET AGENTE QUIMICO VARON T-46;BUZOS;varon;UN
4145374;BUZO TERM RET AGENTE QUIMICO VARON T-48;BUZOS;varon;UN
4145374;BUZO TERM RET AGENTE QUIMICO VARON T-48;BUZOS;varon;UN
4145375;BUZO TERM RET AGENTE QUIMICO VARON T-50;BUZOS;varon;UN
4145375;BUZO TERM RET AGENTE QUIMICO VARON T-50;BUZOS;varon;UN
4082588;BUZO TERM RET AGENTE QUIMICO VARON T-52;BUZOS;varon;UN
4082588;BUZO TERM RET AGENTE QUIMICO VARON T-52;BUZOS;varon;UN
4082589;BUZO TERM RET AGENTE QUIMICO VARON T-54;BUZOS;varon;UN
4082589;BUZO TERM RET AGENTE QUIMICO VARON T-54;BUZOS;varon;UN
4082590;BUZO TERM RET AGENTE QUIMICO VARON T-56;BUZOS;varon;UN
4082590;BUZO TERM RET AGENTE QUIMICO VARON T-56;BUZOS;varon;UN
4083750;BUZO TERM RET AGENTE QUIMICO VARON T-58;BUZOS;varon;UN
4083750;BUZO TERM RET AGENTE QUIMICO VARON T-58;BUZOS;varon;UN
4162304;BUZO USO GENERAL DAMA T-L;BUZOS;dama;UN
4162303;BUZO USO GENERAL DAMA T-M;BUZOS;dama;UN
4162303;BUZO USO GENERAL DAMA T-M;BUZOS;dama;UN
4162302;BUZO USO GENERAL DAMA T-S;BUZOS;dama;UN
4162305;BUZO USO GENERAL DAMA T-XL;BUZOS;dama;UN
4003835;BUZO USO GENERAL VARON T-2XL;BUZOS;varon;UN
4003835;BUZO USO GENERAL VARON T-2XL;BUZOS;varon;UN
4064766;BUZO USO GENERAL VARON T-3XL;BUZOS;varon;UN
4064766;BUZO USO GENERAL VARON T-3XL;BUZOS;varon;UN
4003837;BUZO USO GENERAL VARON T-4XL;BUZOS;varon;UN
4003837;BUZO USO GENERAL VARON T-4XL;BUZOS;varon;UN
4110828;BUZO USO GENERAL VARON T-5XL;BUZOS;varon;UN
4110828;BUZO USO GENERAL VARON T-5XL;BUZOS;varon;UN
4003839;BUZO USO GENERAL VARON T-7XL;BUZOS;varon;UN
4003839;BUZO USO GENERAL VARON T-7XL;BUZOS;varon;UN
4154066;BUZO USO GENERAL VARON T-L;BUZOS;varon;UN
4154066;BUZO USO GENERAL VARON T-L;BUZOS;varon;UN
4154065;BUZO USO GENERAL VARON T-M;BUZOS;varon;UN
4154065;BUZO USO GENERAL VARON T-M;BUZOS;varon;UN
4154064;BUZO USO GENERAL VARON T-S;BUZOS;varon;UN
4154064;BUZO USO GENERAL VARON T-S;BUZOS;varon;UN
4064762;BUZO USO GENERAL VARON T-XL;BUZOS;varon;UN
4064762;BUZO USO GENERAL VARON T-XL;BUZOS;varon;UN
4098327;CALCETIN TERMICO T-11/13 (43-45);CALCETINES;unisex;UN
4150525;CALCETIN TERMICO T-13/15 (46-48);CALCETINES;unisex;UN
4121721;CALCETIN TERMICO T-5/7 (34-36);CALCETINES;unisex;UN
4160310;CALCETIN TERMICO T-7/9 (37-39) S;CALCETINES;unisex;UN
4076076;CALCETIN TERMICO T-9/11 (40-42);CALCETINES;unisex;PAA
4107237;CALZADO SEGURIDAD 39 FORRADO;CALZADOS;unisex;PAA
4107238;CALZADO SEGURIDAD 40 FORRADO;CALZADOS;unisex;PAA
4111417;CALZADO SEGURIDAD T41 085GYW;CALZADOS;unisex;PAA
4063876;CAMISA C/FORRO INTERIOR T-40;CAMISAS;varon;UN
4063877;CAMISA C/FORRO INTERIOR T-44;CAMISAS;varon;UN
4063878;CAMISA C/FORRO INTERIOR T-46;CAMISAS;varon;UN
4063900;CAMISA C/FORRO INTERIOR T-50;CAMISAS;varon;UN
4063901;CAMISA C/FORRO INTERIOR T-52;CAMISAS;varon;UN
4063903;CAMISA C/FORRO INTERIOR T-56;CAMISAS;varon;UN
4063904;CAMISA C/FORRO INTERIOR T-58;CAMISAS;varon;UN
4063879;CAMISA CS/FORRO INTERIOR T-48;CAMISAS;varon;UN
4125768;CAMISA PROTEC ARCO ELECTRICO VARON T-44;CAMISAS;varon;UN
4075658;CAMISA RET A LA LLAMA VARON T-46;CAMISAS;varon;UN
4075659;CAMISA RET A LA LLAMA VARON T-48;CAMISAS;varon;UN
4075660;CAMISA RET A LA LLAMA VARON T-50;CAMISAS;varon;UN
4075662;CAMISA RET A LA LLAMA VARON T-52;CAMISAS;varon;UN
4075663;CAMISA RET A LA LLAMA VARON T-54;CAMISAS;varon;UN
4086173;CAMISA RET A LA LLAMA VARON T-58;CAMISAS;varon;UN
4053046;CAMISA RET AGENTE QUIMICO T-44;CAMISAS;varon;UN
4053047;CAMISA RET AGENTE QUIMICO T-46;CAMISAS;varon;UN
4053048;CAMISA RET AGENTE QUIMICO T-48;CAMISAS;varon;UN
4125645;CAMISA RET AGENTE QUIMICO T-50;CAMISAS;varon;UN
4125648;CAMISA RET AGENTE QUIMICO T-52;CAMISAS;varon;UN
4125647;CAMISA RET AGENTE QUIMICO T-54;CAMISAS;varon;UN
4053062;CAMISA RET AGENTE QUIMICO T-56;CAMISAS;varon;UN
4063804;CAMISA S/FORRO INTERIOR T-40;CAMISAS;varon;UN
4003803;CAMISA S/FORRO INTERIOR T-48;CAMISAS;varon;UN
4003804;CAMISA S/FORRO INTERIOR T-50;CAMISAS;varon;UN
4003805;CAMISA S/FORRO INTERIOR T-52;CAMISAS;varon;UN
4003806;CAMISA S/FORRO INTERIOR T-54;CAMISAS;varon;UN
4003807;CAMISA S/FORRO INTERIOR T-56;CAMISAS;varon;UN
4183019;CAMISA TECN ALTA CORDILLERA DAMA T-L;CAMISAS;dama;UN
4183018;CAMISA TECN ALTA CORDILLERA DAMA T-M;CAMISAS;dama;UN
4183017;CAMISA TECN ALTA CORDILLERA DAMA T-S;CAMISAS;dama;UN
4183020;CAMISA TECN ALTA CORDILLERA DAMA T-XL;CAMISAS;dama;UN
4183016;CAMISA TECN ALTA CORDILLERA DAMA T-XS;CAMISAS;dama;UN
4003801;CAMISA USO GENERAL VARON T-36;CAMISAS;varon;UN
4003802;CAMISA USO GENERAL VARON T-38;CAMISAS;varon;UN
4121262;CAMISETA 1° CAPA TERMICA DAMA T-52 (XL);CAMISETAS;dama;UN
4111751;CAMISETA 1° CAPA TERMICA VARON T-46 (S);CAMISETAS;varon;UN
4111661;CAMISETA 1° CAPA TERMICA VARON T-48 (M);CAMISETAS;varon;UN
4111752;CAMISETA 1° CAPA TERMICA VARON T-52 (XL);CAMISETAS;varon;UN
4003538;CASCO SEG DIELEC VISERA MINA AMARILLO;CASCOS;unisex;UN
4082137;CASCO SEG DIELEC VISERA MINA BLANCO;CASCOS;unisex;UN
4082139;CASCO SEG DIELEC VISERA MINA NARANJO;CASCOS;unisex;UN
4013371;CASCO SEG DIELEC VISERA MINA PLOMO;CASCOS;unisex;UN
4121308;CHALECO GEOLOGO TRASLADO EXPLOSIVOS T-L;CHALECOS;unisex;UN
4121312;CHALECO GEOLOGO TRASLADO EXPLOSIVOS T-M;CHALECOS;unisex;UN
4121311;CHALECO GEOLOGO TRASLADO EXPLOSIVOS T-S;CHALECOS;unisex;UN
4121309;CHALECO GEOLOGO TRASLADO EXPLOSIVOS T-XL;CHALECOS;unisex;UN
4173002;CHALECO REFL RIGGER MINA VARON T-2XL;CHALECOS;varon;UN
1498112;CHALECO REFL RIGGER MINA VARON T-L;CHALECOS;varon;UN
4173001;CHALECO REFL RIGGER MINA VARON T-M;CHALECOS;varon;UN
4173000;CHALECO REFL RIGGER MINA VARON T-S;CHALECOS;varon;UN
1498113;CHALECO REFL RIGGER MINA VARON T-XL;CHALECOS;varon;UN
4155795;CHALECO REFLECTANTE DAMA ALGODON T-L;CHALECOS;dama;UN
4155794;CHALECO REFLECTANTE DAMA ALGODON T-M;CHALECOS;dama;UN
4003794;CHALECO REFLECTANTE DAMA ALGODON T-S;CHALECOS;dama;UN
4169134;CHALECO REFLECTANTE IGNIFUGO DAMA T-M;CHALECOS;dama;UN
4113158;CHALECO REFLECTANTE MONTAÑA VARON T-L;CHALECOS;varon;UN
4160312;CHALECO REFLECTANTE MONTAÑA VARON T-XXL;CHALECOS;varon;UN
4003721;CHALECO REFLECTANTE PEATON;CHALECOS;unisex;UN
4089024;CHALECO REFLECTANTE XL ROJO;CHALECOS;unisex;UN
4083826;CHALECO RET A LA LLAMA VARON T-46;CHALECOS;varon;UN
4083822;CHALECO RET A LA LLAMA VARON T-48;CHALECOS;varon;UN
4083823;CHALECO RET A LA LLAMA VARON T-50;CHALECOS;varon;UN
4064733;CHALECO RET A LA LLAMA VARON T-52;CHALECOS;varon;UN
4064761;CHALECO RET A LA LLAMA VARON T-54;CHALECOS;varon;UN
4075508;CHALECO RET A LA LLAMA VARON T-56;CHALECOS;varon;UN
4158096;CHALECO RET A LA LLAMA VARON T-L;CHALECOS;varon;UN
4158095;CHALECO RET A LA LLAMA VARON T-M;CHALECOS;varon;UN
4158097;CHALECO RET A LA LLAMA VARON T-XL;CHALECOS;varon;UN
4155735;CHALECO RET AGENTE QUIMICO DAMA TALLA 46;CHALECOS;dama;UN
4155736;CHALECO RET AGENTE QUIMICO DAMA TALLA 48;CHALECOS;dama;UN
4152969;CHALECO RIGGER RET AG QUIMICO VARON T-50;CHALECOS;varon;UN
4056734;CHALECO S/MANG GEOLOGO TASLAN T-48;CHALECOS;varon;UN
4115976;CHAQUETA CUERO XL;CHAQUETAS;varon;UN
4115978;CHAQUETA CUERO XXL;CHAQUETAS;varon;UN
4003744;CHAQUETA GRANDE AMARILLO IMPERMEABLE;CHAQUETAS;unisex;UN
4003743;CHAQUETA M AMARILLO IMPERMEABLE;CHAQUETAS;unisex;UN
4003746;CHAQUETA POLIURETANO GRANDE AMARILLO;CHAQUETAS;unisex;UN
4003745;CHAQUETA POLIURETANO M AMARILLO;CHAQUETAS;unisex;UN
4003723;CHAQUETA SOLDADOR CUERO T-50;CHAQUETAS;unisex;UN
4003725;CHAQUETA SOLDADOR CUERO T-54;CHAQUETAS;unisex;UN
4121275;CHAQUETA TERMICA IMPERM VIAJE DAMA T-S;CHAQUETAS;dama;UN
4121276;CHAQUETA TERMICA IMPERM VIAJE DAMA T-XS;CHAQUETAS;dama;UN
4157738;CJTO 1° CAPA PROTEC ARCO ELECTRICO T-L;CONJUNTOS;unisex;UN
4157739;CJTO 1° CAPA PROTEC ARCO ELECTRICO T-XL;CONJUNTOS;unisex;UN
4158015;CONJUNTO 1° CAPA IGNIFUGO T-S;CONJUNTOS;unisex;UN
4066656;CORTAVIENTO TERCERA CAPA T-2XL;CORTAVIENTOS;unisex;UN
4066654;CORTAVIENTO TERCERA CAPA T-L;CORTAVIENTOS;unisex;UN
4066653;CORTAVIENTO TERCERA CAPA T-M;CORTAVIENTOS;unisex;UN
4066655;CORTAVIENTO TERCERA CAPA T-XL;CORTAVIENTOS;unisex;UN
4059311;COTONA TREVIRA GRUESA BLANCA T-54;COTONAS;unisex;UN
4003604;FILTRO CARTUCHO P/RESPIRADOR (GA);FILTROS;unisex;UN
4071098;FILTRO CARTUCHO P/RESPIRADOR (P3-VO-GA);FILTROS;unisex;PAA
4013383;FILTRO CARTUCHO P/RESPIRADOR (POLVO);FILTROS;unisex;UN
4003601;FILTRO CARTUCHO RC80;FILTROS;unisex;UN
4108768;FILTRO P/RESPIRADOR (VO-P3-GA BAJO LPP);FILTROS;unisex;UN
4071096;FILTRO PAÑETE P/RESPIRADOR (P3-GA);FILTROS;unisex;PAA
4051502;FILTRO PAÑETE P/RESPIRADOR (POLVO-HE);FILTROS;unisex;UN
4144861;GAFA BLANCA PYRAMEX SB7010SDT;GAFAS;unisex;UN
4063305;GORRO CASCO GABARDINA PROTECC POLAR;GORROS;unisex;UN
4003549;GORRO USO GENERAL;GORROS;unisex;UN
4164251;GUANTE ALGODON T-6;GUANTES;unisex;PAA
4039033;GUANTE ALGODON USO GENERAL T-7;GUANTES;unisex;PAA
4039034;GUANTE ALGODON USO GENERAL T-8;GUANTES;unisex;PAA
4121904;GUANTE ANTICORTE T-M MANULATEX 100009M;GUANTES;unisex;UN
4177166;GUANTE ANTIPINCHAZO - ANTIGRASA T-10;GUANTES;unisex;UN
4177168;GUANTE ANTIPINCHAZO - ANTIGRASA T-11;GUANTES;unisex;UN
4177165;GUANTE ANTIPINCHAZO - ANTIGRASA T-9;GUANTES;unisex;UN
4169099;GUANTE CABRITILLA USO ESPECIFICO S/FORRO;GUANTES;unisex;PAA
4003626;GUANTE CUERO MED|6 CM PUÑO||SH011-REV1;GUANTES;unisex;PAA
4003624;GUANTE CUERO P/SOLDADOR;GUANTES;unisex;PAA
4003622;GUANTE DIELECTRICO HASTA 17KV T-10;GUANTES;unisex;PAA
4155890;GUANTE DIELECTRICO HASTA 1KV T-9;GUANTES;unisex;JG
4013404;GUANTE ESTANDAR CUERO PUÑO 25cm;GUANTES;unisex;PAA
4123579;GUANTE IMPERMEABLE QUIMICO T-10;GUANTES;unisex;PAA
4123577;GUANTE IMPERMEABLE QUIMICO T-8;GUANTES;unisex;PAA
4123578;GUANTE IMPERMEABLE QUIMICO T-9;GUANTES;unisex;PAA
4111624;GUANTE MICROTHAN PLU T-7 TEGERA 9122;GUANTES;unisex;PAA
4068631;GUANTE NITRILO 8 - 9 ANTIACIDO;GUANTES;unisex;KI
4003630;GUANTE PROCEDIMIENTOS LATEX T-9/9.5;GUANTES;unisex;PAA
4003623;GUANTE RECUBIERTO NEOPRENO;GUANTES;unisex;PAA
4118641;GUANTE SEG ANTIVIBRACION T- 11;GUANTES;unisex;PAA
4118637;GUANTE SEG ANTIVIBRACION T-7;GUANTES;unisex;PAA
4050595;GUANTE SEG CABRITILLA T-10;GUANTES;unisex;PAA
4050593;GUANTE SEG CABRITILLA T-8;GUANTES;unisex;PAA
4124307;GUANTE SEG DIELECTRICO TALLA 8;GUANTES;unisex;PAA
4123553;GUANTE SEG MECANICO T-10;GUANTES;unisex;PAA
4123554;GUANTE SEG MECANICO T-6;GUANTES;unisex;PAA
4123550;GUANTE SEG MECANICO T-7;GUANTES;unisex;PAA
4123551;GUANTE SEG MECANICO T-8;GUANTES;unisex;PAA
4123552;GUANTE SEG MECANICO T-9;GUANTES;unisex;PAA
4118639;GUANTE SEG OPERADOR ALTO TONELAJE T-L;GUANTES;unisex;PAA
4118638;GUANTE SEG OPERADOR ALTO TONELAJE T-M;GUANTES;unisex;PAA
4118640;GUANTE SEG OPERADOR ALTO TONELAJE T-XL;GUANTES;unisex;PAA
4051550;GUANTE SEG PROCEDIMIENTO LAB NITRILO T-L;GUANTES;unisex;KI
4164565;GUANTE SEG TERMICO FRIO EXTREMO T11;GUANTES;unisex;UN
4085912;GUANTE SEG TERMICO FRIO EXTREMO T-8;GUANTES;unisex;UN
4085911;GUANTE SEG TERMICO FRIO EXTREMO T-9;GUANTES;unisex;UN
4151815;GUANTE SEG TERMICO IMPERMEABLE DAMA T-6;GUANTES;dama;PAA
4151818;GUANTE SEG TERMICO IMPERMEABLE DAMA T-7;GUANTES;dama;PAA
4052711;GUANTE SOLDADOR KC-96, INDURA;GUANTES;unisex;PAA
4050660;GUANTE USO GENERAL T-9;GUANTES;unisex;PAA
4150576;GUANTE USO GENERAL T-STD;GUANTES;unisex;PAA
4121278;JARDINERA TERMICA DAMA T-L;JARDINERAS;dama;UN
4121279;JARDINERA TERMICA DAMA T-M;JARDINERAS;dama;UN
4121280;JARDINERA TERMICA DAMA T-S;JARDINERAS;dama;UN
4121277;JARDINERA TERMICA DAMA T-XL;JARDINERAS;dama;UN
4121281;JARDINERA TERMICA DAMA T-XS;JARDINERAS;dama;UN
1345849;LAMPARA EMERGENCIA SEIN SE24EM;LAMPARAS;unisex;UN
4104900;LAMPARA MINERA CON CORDON;LAMPARAS;unisex;UN
4092987;LENTE DE SEGURIDAD GRAL S/INSERTO IN/OUT;LENTES;unisex;UN
4039000;LENTE SEG ANTIPARRA BIFUNCIONAL PC GRIS;LENTES;unisex;UN
4082134;LENTE SEG ANTIPARRA BIFUNCIONAL PC TRNSP;LENTES;unisex;UN
4013415;LENTE SEG P/OXICORTE PC;LENTES;unisex;UN
4078577;LENTE SEG PC S/INSERTO CLARO;LENTES;unisex;UN
4121415;LENTE SEG PC S/INSERTO GRIS;LENTES;unisex;UN
4121416;LENTE SEG PC S/INSERTO IN/OUT;LENTES;unisex;UN
4171828;LENTE SEGURIDAD ANTI EMPAÑANTE GRIS/AZUL;LENTES;unisex;UN
4115996;LENTE SEGURIDAD OXICORTE 1000427;LENTES;unisex;UN
4164094;LENTES SEGURIDAD ANTIPARRA BIFUNCIONAL;LENTES;unisex;UN
4159983;PANTALON 1° CAPA TERMICA DAMA T-52;PANTALONES;dama;UN
4111656;PANTALON 1° CAPA TERMICO VARON T-46;PANTALONES;varon;UN
4177583;PANTALON CARGO ALTA CORDILLERA DAMA T-L;PANTALONES;dama;UN
4177584;PANTALON CARGO ALTA CORDILLERA DAMA T-XL;PANTALONES;dama;UN
4061424;PANTALON CUERO XL EPPPCEPS REV.1;PANTALONES;varon;UN
4063906;PANTALON INVIERNO C/FORRO INTERIOR T-44;PANTALONES;varon;UN
4063907;PANTALON INVIERNO C/FORRO INTERIOR T-46;PANTALONES;varon;UN
4063909;PANTALON INVIERNO C/FORRO INTERIOR T-50;PANTALONES;varon;UN
4063910;PANTALON INVIERNO C/FORRO INTERIOR T-52;PANTALONES;varon;UN
4063911;PANTALON INVIERNO C/FORRO INTERIOR T-54;PANTALONES;varon;UN
4063913;PANTALON INVIERNO C/FORRO INTERIOR T-58;PANTALONES;varon;UN
4113154;PANTALON JARDINERA POLIESTER L NARANJO;PANTALONES;unisex;UN
4113153;PANTALON JARDINERA POLIESTER M NARANJO;PANTALONES;unisex;UN
4113151;PANTALON JARDINERA POLIESTER S NARANJO;PANTALONES;unisex;UN
4113155;PANTALON JARDINERA POLIESTER XL NARANJO;PANTALONES;unisex;UN
4003765;PANTALON L AMARILLO IMPERMEABLE;PANTALONES;unisex;UN
4158667;PANTALON MATERNAL T-36 GRIS/BEIGE;PANTALONES;varon;UN
4158670;PANTALON MATERNAL T-42 GRIS/BEIGE;PANTALONES;varon;UN
4158672;PANTALON MATERNAL T-46 GRIS/BEIGE;PANTALONES;varon;UN
4158673;PANTALON MATERNAL T-48 GRIS/BEIGE;PANTALONES;varon;UN
4158674;PANTALON MATERNAL T-50 GRIS/BEIGE;PANTALONES;varon;UN
4158675;PANTALON MATERNAL T-52 GRIS/BEIGE;PANTALONES;varon;UN
4003768;PANTALON NYLON L AMARILLO IMPERMEABLE;PANTALONES;unisex;UN
4003767;PANTALON NYLON L AMARILLO IMPERMEABLE;PANTALONES;unisex;UN
4152514;PANTALON PROTEC ARCO ELECT VARON T-44;PANTALONES;varon;UN
4163265;PANTALON RET A LA LLAMA REFOR VARON T-38;PANTALONES;varon;UN
4163267;PANTALON RET A LA LLAMA REFOR VARON T-40;PANTALONES;varon;UN
4163269;PANTALON RET A LA LLAMA REFOR VARON T-42;PANTALONES;varon;UN
4163271;PANTALON RET A LA LLAMA REFOR VARON T-44;PANTALONES;varon;UN
4163273;PANTALON RET A LA LLAMA REFOR VARON T-46;PANTALONES;varon;UN
4163275;PANTALON RET A LA LLAMA REFOR VARON T-48;PANTALONES;varon;UN
4163277;PANTALON RET A LA LLAMA REFOR VARON T-50;PANTALONES;varon;UN
4163279;PANTALON RET A LA LLAMA REFOR VARON T-52;PANTALONES;varon;UN
4163280;PANTALON RET A LA LLAMA REFOR VARON T-54;PANTALONES;varon;UN
4163281;PANTALON RET A LA LLAMA REFOR VARON T-56;PANTALONES;varon;UN
4075652;PANTALON RET A LA LLAMA VARON T-46;PANTALONES;varon;UN
4152515;PANTALON RET A LA LLAMA VARON T-46;PANTALONES;varon;UN
4152516;PANTALON RET A LA LLAMA VARON T-48;PANTALONES;varon;UN
4152517;PANTALON RET A LA LLAMA VARON T-50;PANTALONES;varon;UN
4154607;PANTALON RET AGENTE QUIMICO VARON T-44;PANTALONES;varon;UN
4053039;PANTALON RET AGENTE QUIMICO VARON T-46;PANTALONES;varon;UN
4053040;PANTALON RET AGENTE QUIMICO VARON T-48;PANTALONES;varon;UN
4053041;PANTALON RET AGENTE QUIMICO VARON T-50;PANTALONES;varon;UN
4053042;PANTALON RET AGENTE QUIMICO VARON T-52;PANTALONES;varon;UN
4053043;PANTALON RET AGENTE QUIMICO VARON T-54;PANTALONES;varon;UN
4053044;PANTALON RET AGENTE QUIMICO VARON T-56;PANTALONES;varon;UN
4003749;PANTALON SOLD/FUND CUERO T-L;PANTALONES;unisex;UN
4115985;PANTALON SOLDADOR CUERO XXL;PANTALONES;unisex;UN
4077127;PANTALON USO GENERAL VARON T-2XL;PANTALONES;varon;UN
4077125;PANTALON USO GENERAL VARON T-L;PANTALONES;varon;UN
4077124;PANTALON USO GENERAL VARON T-M;PANTALONES;varon;UN
4077123;PANTALON USO GENERAL VARON T-S;PANTALONES;varon;UN
4077126;PANTALON USO GENERAL VARON T-XL;PANTALONES;varon;UN
4077122;PANTALON USO GENERAL VARON T-XS;PANTALONES;varon;UN
4160063;PANTALON VERANO PROT. UV DAMA T-2XL;PANTALONES;dama;UN
4160074;PANTALON VERANO PROT. UV DAMA T-2XL;PANTALONES;dama;UN
4160064;PANTALON VERANO PROT. UV DAMA T-3XL;PANTALONES;dama;UN
4160075;PANTALON VERANO PROT. UV DAMA T-3XL;PANTALONES;varon;UN
4160061;PANTALON VERANO PROT. UV DAMA T-L;PANTALONES;dama;UN
4160072;PANTALON VERANO PROT. UV DAMA T-L;PANTALONES;dama;UN
4160050;PANTALON VERANO PROT. UV DAMA T-M;PANTALONES;dama;UN
4160071;PANTALON VERANO PROT. UV DAMA T-M;PANTALONES;dama;UN
4160070;PANTALON VERANO PROT. UV DAMA T-S;PANTALONES;dama;UN
4160062;PANTALON VERANO PROT. UV DAMA T-XL;PANTALONES;dama;UN
4160073;PANTALON VERANO PROT. UV DAMA T-XL;PANTALONES;dama;UN
4180261;PARKA INSTITUCIONAL CORP DAMA T-XS;PARKAS;dama;UN
4180269;PARKA INSTITUCIONAL CORP VARON T-L;PARKAS;varon;UN
4180268;PARKA INSTITUCIONAL CORP VARON T-M;PARKAS;varon;UN
4180267;PARKA INSTITUCIONAL CORP VARON T-S;PARKAS;varon;UN
4180271;PARKA INSTITUCIONAL CORP VARON T-XXL;PARKAS;varon;UN
4121615;PARKA PLUMA VIAJE MUJER TALLA XS;PARKAS;dama;UN
4121283;PARKA TERMICA ALTA VISIB DAMA T-L;PARKAS;dama;UN
4121284;PARKA TERMICA ALTA VISIB DAMA T-M;PARKAS;dama;UN
4121285;PARKA TERMICA ALTA VISIB DAMA T-S;PARKAS;dama;UN
4121282;PARKA TERMICA ALTA VISIB DAMA T-XL;PARKAS;dama;UN
4121286;PARKA TERMICA ALTA VISIB DAMA T-XS;PARKAS;dama;UN
4122526;PARKA TERMICA ALTA VISIBILIDAD VARON 2XL;PARKAS;varon;UN
4113121;PARKA TERMICA ALTA VISIBILIDAD VARON T-L;PARKAS;varon;UN
4113121;PARKA TERMICA ALTA VISIBILIDAD VARON T-L;PARKAS;varon;UN
4113119;PARKA TERMICA ALTA VISIBILIDAD VARON T-M;PARKAS;varon;UN
4113455;PARKA TERMICA ALTA VISIBILIDAD VARON T-S;PARKAS;varon;UN
4112450;PARKA TERMICA ALTA VISIBILIDAD VARON XL;PARKAS;varon;UN
4112450;PARKA TERMICA ALTA VISIBILIDAD VARON XL;PARKAS;varon;UN
4112450;PARKA TERMICA ALTA VISIBILIDAD VARON XL;PARKAS;varon;UN
4121273;PARKA TERMICA DAMA T-L;PARKAS;dama;UN
4121274;PARKA TERMICA DAMA T-M;PARKAS;dama;UN
4121272;PARKA TERMICA DAMA T-XL;PARKAS;dama;UN
4050936;PARKA VIAJE REGLAN LARGA AZUL T-54;PARKAS;varon;UN
4050937;PARKA VIAJE REGLAN LARGA AZUL T-56;PARKAS;varon;UN
4050938;PARKA VIAJE REGLAN LARGA AZUL T-58;PARKAS;varon;UN
4121561;PARKA VIAJE ROJO NEGRO TALLA 44;PARKAS;varon;UN
4121534;PARKA VIAJE ROJO NEGRO TALLA 46;PARKAS;varon;UN
4121536;PARKA VIAJE ROJO NEGRO TALLA 50;PARKAS;varon;UN
4121537;PARKA VIAJE ROJO NEGRO TALLA 52;PARKAS;varon;UN
4121538;PARKA VIAJE ROJO NEGRO TALLA 54;PARKAS;varon;UN
4121535;PARKA VIAJE, ROJO NEGRO, TALLA 48;PARKAS;varon;UN
4185322;POLAR CONDICIONES EXTREMAS NEG DAMA T-L;POLAR;dama;UN
4185321;POLAR CONDICIONES EXTREMAS NEG DAMA T-M;POLAR;dama;UN
4185320;POLAR CONDICIONES EXTREMAS NEG DAMA T-S;POLAR;dama;UN
4185323;POLAR CONDICIONES EXTREMAS NEG DAMA T-XL;POLAR;dama;UN
4185319;POLAR CONDICIONES EXTREMAS NEG DAMA T-XS;POLAR;dama;UN
4057310;PROTECTOR 100X93X133mm P/AUTORESCATADOR;PROTECTORES;unisex;UN
4158180;PROTECTOR AUDITIVO 3M-PELTOR XH001651237;PROTECTORES;unisex;UN
4035167;PROTECTOR AUDITIVO FONO DIELECTRICO;PROTECTORES;unisex;UN
4013395;PROTECTOR AUDITIVO TAPON DESECHABLE PU;PROTECTORES;unisex;PAA
4178921;PROTECTOR SOLAR TEXPRO FPS50+ S/PERFUME;PROTECTORES;unisex;UN
4003615;REPIRADOR HUMOS METALICOS 8512;RESPIRADORES;unisex;UN
4071095;RESPIRADOR MEDIO ROSTRO SILICONA T-L;RESPIRADORES;unisex;UN
4013446;RESPIRADOR MEDIO ROSTRO SILICONA T-M;RESPIRADORES;unisex;UN
4003608;RESPIRADOR MEDIO ROSTRO SILICONA T-S;RESPIRADORES;unisex;UN
4118318;RESPIRADOR ROSTRO COMPLETO T-L;RESPIRADORES;unisex;BX
4037602;RESPIRADOR ROSTRO COMPLETO T-M;RESPIRADORES;unisex;UN
4037602;RESPIRADOR ROSTRO COMPLETO T-M;RESPIRADORES;unisex;UN
4118316;RESPIRADOR ROSTRO COMPLETO T-S;RESPIRADORES;unisex;BX
4101393;RESPIRADOR ROSTRO COMPLETO T-S;RESPIRADORES;unisex;UN
4164148;SOQUETE FIELTRO BOTA MINERA T-37;SOQUETES;unisex;PAA
4003686;SOQUETE FIELTRO BOTA MINERA T-38;SOQUETES;unisex;PAA
4003687;SOQUETE FIELTRO BOTA MINERA T-39;SOQUETES;unisex;PAA
4003688;SOQUETE FIELTRO BOTA MINERA T-40;SOQUETES;unisex;PAA
4003689;SOQUETE FIELTRO BOTA MINERA T-41;SOQUETES;unisex;PAA
4003690;SOQUETE FIELTRO BOTA MINERA T-42;SOQUETES;unisex;PAA
4003691;SOQUETE FIELTRO BOTA MINERA T-43;SOQUETES;unisex;PAA
4003692;SOQUETE FIELTRO BOTA MINERA T-44;SOQUETES;unisex;PAA
4020352;SUSPENSION URET P/CASCO MINA SUB;SUSPENSIONES;unisex;UN
4039127;SUSPENSION URET P/CASCO USO GENERAL;SUSPENSIONES;unisex;UN
4003770;TENIDA CHAQUETA-PANTALON AZUL 44 TERMICA;TENIDA;Varon;JG
4003771;TENIDA CHAQUETA-PANTALON AZUL 46 TERMICA;TENIDA;Varon;JG
4003772;TENIDA CHAQUETA-PANTALON AZUL 48 TERMICA;TENIDA;Varon;JG
4003772;TENIDA CHAQUETA-PANTALON AZUL 48 TERMICA;TENIDA;Varon;JG
4003772;TENIDA CHAQUETA-PANTALON AZUL 48 TERMICA;TENIDA;Varon;JG
4003773;TENIDA CHAQUETA-PANTALON AZUL 50 TERMICA;TENIDA;Varon;JG
4003773;TENIDA CHAQUETA-PANTALON AZUL 50 TERMICA;TENIDA;Varon;JG
4003773;TENIDA CHAQUETA-PANTALON AZUL 50 TERMICA;TENIDA;Varon;JG
4003775;TENIDA CHAQUETA-PANTALON AZUL 52 TERMICA;TENIDA;Varon;JG
4003775;TENIDA CHAQUETA-PANTALON AZUL 52 TERMICA;TENIDA;Varon;JG
4003776;TENIDA CHAQUETA-PANTALON AZUL 54 TERMICA;TENIDA;Varon;JG
4003779;TENIDA CHAQUETA-PANTALON AZUL 54 TERMICA;TENIDA;Varon;JG
4003778;TENIDA CHAQUETA-PANTALON AZUL 56 TERMICA;TENIDA;Varon;JG
4062346;TRAJE TERMICO INT POLAR AZUL T-54;TRAJES;varon;JG
;;;;
